{"cameraMode":{"drawMode":0,"name":"Shaded","section":"Shading Mode"},"sceneLighting":false,"audioPlay":false,"sceneViewState":{"showFog":false,"showMaterialUpdate":true,"showSkybox":false,"showFlares":false,"showImageEffects":true,"showParticleSystems":true},"in2DMode":false,"pivot":{"x":7.159610748291016,"y":-1.4845037460327149,"z":-5.7744598388671879},"rotation":{"x":0.140019029378891,"y":-0.1655162274837494,"z":0.02374696545302868,"w":0.9759278297424316},"size":2.8578836917877199,"orthographic":false}