{"cameraMode":{"drawMode":0,"name":"Shaded","section":"Shading Mode"},"sceneLighting":true,"audioPlay":false,"sceneViewState":{"showFog":false,"showMaterialUpdate":true,"showSkybox":false,"showFlares":false,"showImageEffects":true,"showParticleSystems":true},"in2DMode":false,"pivot":{"x":254.2160186767578,"y":-0.5466337203979492,"z":20.94470977783203},"rotation":{"x":0.140019029378891,"y":-0.1655162274837494,"z":0.02374696545302868,"w":0.9759278297424316},"size":31.20034408569336,"orthographic":false}